id;title;from_date;to_date;employee_id
1;secondary invoice 24/7;2020-10-03T16:37:56;2020-10-03T12:46:21;1
2;microchip Auto Loan Account;2020-10-03T03:29:07;2020-10-03T16:10:38;2
3;application Station blue;2020-10-03T03:45:30;2020-10-03T06:47:18;3
4;West Virginia;2020-10-03T04:22:01;2020-10-03T21:15:18;4
5;turn-key Rustic Generic Frozen Soap;2020-10-03T04:23:04;2020-10-03T15:01:29;5
6;harness;2020-10-03T09:55:39;2020-10-03T21:32:51;6
7;Pre-emptive;2020-10-03T19:42:36;2020-10-03T12:19:13;7
8;optical Central;2020-10-03T10:55:18;2020-10-03T15:14:57;8
9;Ouguiya Steel Optimization;2020-10-03T18:42:37;2020-10-03T06:37:48;9
10;Total;2020-10-03T12:56:08;2020-10-03T18:12:33;10
